
<entities xmlns:xsd="http://www.w3.org/2001/XMLSchema" xmlns:xsi="http://www.w3.org/2001/XMLSchema-instance" timestamp="2024-10-07T02:05:37.5205575Z">
  <entity name="account" displayname="Account">
    <records>
      <record id="88cea450-cb0c-ea11-a813-000d3a1b1223">
        <field name="accountid" value="88cea450-cb0c-ea11-a813-000d3a1b1223" />
        <field name="name" value="Fabrikam, Inc." />
        <field name="description" value="Our publically traded company has been in business for 105 years. With more than 90 years’ experience in the textile industry, we are one of the most trusted names in textiles, offering an unmatched level of quality and selection of product lines. Our manufacturing facilities around the world position us to support our customers with all their textile needs." />
      </record>
      <record id="a4cea450-cb0c-ea11-a813-000d3a1b1223">
        <field name="accountid" value="a4cea450-cb0c-ea11-a813-000d3a1b1223" />
        <field name="name" value="Trey Research" />
        <field name="description" value="Trey Research is a manufacturer of specialty circuit boards as well as fully assembled devices and is known for quick turnaround and timely delivery of quality products, at a premium price. Trey Research takes pride in looking after its workforce and has invested heavily in a state-of-the-art cafeteria at their production facilities." />
      </record>
      <record id="b4cea450-cb0c-ea11-a813-000d3a1b1223">
        <field name="accountid" value="b4cea450-cb0c-ea11-a813-000d3a1b1223" />
        <field name="name" value="Northwind Traders" />
        <field name="description" value="Northwind Traders is headquartered in US and is the nation&amp;#39;s leader in providing wholesalers with gift and novelty products. They began in 1925 and have continued to grow, expanding from mail catalogs to Internet e-commerce in the last two decades. " />
      </record>
      <record id="81883308-7ad5-ea11-a813-000d3a33f3b4">
        <field name="accountid" value="81883308-7ad5-ea11-a813-000d3a33f3b4" />
        <field name="name" value="Alpine Ski House" />
        <field name="description" value="Alpine Ski House grew out of a small company making ski jackets in our basement. Today, we are the top choice of winter sports apparel for professional athletes and enthusiasts around the world. For us at Alpine ski house, our love of wild and beautiful places translates into apparel that helps you enjoy them in comfort." />
      </record>
      <record id="83883308-7ad5-ea11-a813-000d3a33f3b4">
        <field name="accountid" value="83883308-7ad5-ea11-a813-000d3a33f3b4" />
        <field name="name" value="A. Datum Corporation" />
        <field name="description" value="A. Datum provides you with a wide selection of products both in our stores and online." />
      </record>
    </records>
    <m2mrelationships />
  </entity>
</entities>